date,portfolio_index,sp500_index
2022-08-11,100.0000,100.0000
2022-08-31,102.9500,96.1158
2022-09-30,99.3776,89.2988
2022-10-31,94.0709,95.2188
2022-11-30,94.3907,97.9416
2022-12-31,90.2564,90.1633
2023-01-31,108.1181,93.7373
2023-02-28,95.0575,93.6978
2023-03-31,87.1772,95.7982
2023-04-30,84.9629,97.7822
2023-05-31,73.6713,99.4361
2023-06-30,86.4238,106.3892
2023-07-31,85.6547,107.6661
2023-08-31,100.1474,107.5901
2023-09-30,115.0995,103.6548
2023-10-31,104.6945,101.3816
2023-11-30,102.0562,108.0179
2023-12-31,103.1890,111.8548
2024-01-31,103.6430,115.4148
2024-02-29,93.6000,122.1821
2024-03-31,86.6642,126.2753
2024-04-30,89.3682,122.6921
2024-05-31,87.2948,127.3128
2024-06-30,87.1813,132.3696
2024-07-31,85.8300,132.1018
2024-08-31,81.0836,131.9551
2024-09-30,89.9136,132.9574
2024-10-31,89.5090,135.5319
2024-11-30,94.2530,145.5913
2024-12-31,81.7833,144.0225
2025-01-31,83.5171,147.2186
2025-02-28,86.5906,144.8796
2025-03-31,89.4567,136.2438
2025-04-30,82.5328,131.5320
2025-05-31,82.4255,137.7350
2025-06-30,93.1408,142.9927
2025-07-31,86.7886,149.3048
2025-08-31,94.5648,150.6752
2025-09-30,110.9057,156.9803
2025-10-31,100.9131,161.7752
2025-11-30,90.9328,161.8621
2025-12-31,81.2666,160.3600
2026-01-31,82.1443,160.1472
2026-02-28,74.5049,158.8459
2026-03-31,64.4020,153.4621
2026-04-30,75.2537,168.0407
2026-05-31,79.8442,177.4509
2026-06-30,65.4164,178.1396
2026-07-31,72.0888,176.3606
2026-08-31,76.8251,179.5709
2026-09-30,74.3513,179.9513
2026-10-09,76.4852,184.1753
